kg,fcr
0,0
0.03,0.82
0.04,0.82
0.05,0.82
0.06,0.82
0.07,0.82
0.08,0.82
0.09,0.82
0.1,0.82
0.11,0.82
0.12,0.82
0.13,0.82
0.14,0.82
0.15,0.82
0.16,0.820666666666665
0.17,0.8213333333333317
0.18,0.8219999999999984
0.19,0.8226666666666651
0.2,0.8233333333333318
0.21,0.8239999999999985
0.22,0.8246666666666652
0.23,0.8253333333333319
0.24,0.8259999999999986
0.25,0.8266666666666653
0.26,0.827333333333332
0.27,0.8279999999999987
0.28,0.8286666666666654
0.29,0.8293333333333321
0.3,0.8299999999999988
0.31,0.8306666666666656
0.32,0.8313333333333323
0.33,0.831999999999999
0.34,0.8326666666666657
0.35,0.8333333333333324
0.36,0.8339999999999991
0.37,0.8346666666666658
0.38,0.8353333333333325
0.39,0.8359999999999992
0.4,0.8366666666666659
0.41,0.8373333333333326
0.42,0.8379999999999993
0.43,0.838666666666666
0.44,0.8393333333333327
0.45,0.8399999999999994
0.46,0.8406666666666661
0.47,0.8413333333333328
0.48,0.8419999999999995
0.49,0.8426666666666662
0.5,0.8433333333333329
0.51,0.8439999999999996
0.52,0.8446666666666663
0.53,0.845333333333333
0.54,0.8459999999999998
0.55,0.8466666666666665
0.56,0.8473333333333332
0.57,0.8479999999999999
0.58,0.8486666666666666
0.59,0.8493333333333333
0.6,0.85
0.61,0.8508571428571406
0.62,0.8517142857142835
0.63,0.8525714285714264
0.64,0.8534285714285693
0.65,0.8542857142857122
0.66,0.8551428571428551
0.67,0.855999999999998
0.68,0.8568571428571409
0.69,0.8577142857142838
0.7,0.8585714285714267
0.71,0.8594285714285695
0.72,0.8602857142857124
0.73,0.8611428571428553
0.74,0.8619999999999982
0.75,0.8628571428571411
0.76,0.863714285714284
0.77,0.8645714285714269
0.78,0.8654285714285698
0.79,0.8662857142857127
0.8,0.8671428571428555
0.81,0.8679999999999984
0.82,0.8688571428571413
0.83,0.8697142857142842
0.84,0.8705714285714271
0.85,0.87142857142857
0.86,0.8722857142857129
0.87,0.8731428571428558
0.88,0.8739999999999987
0.89,0.8748571428571416
0.9,0.8757142857142844
0.91,0.8765714285714273
0.92,0.8774285714285702
0.93,0.8782857142857131
0.94,0.879142857142856
0.95,0.8799999999999989
0.96,0.8808571428571418
0.97,0.8817142857142847
0.98,0.8825714285714276
0.99,0.8834285714285705
1,0.8842857142857133
1.01,0.8851428571428562
1.02,0.8859999999999991
1.03,0.886857142857142
1.04,0.8877142857142849
1.05,0.8885714285714278
1.06,0.8894285714285707
1.07,0.8902857142857136
1.08,0.8911428571428565
1.09,0.8919999999999993
1.1,0.8928571428571422
1.11,0.8937142857142851
1.12,0.894571428571428
1.13,0.8954285714285709
1.14,0.8962857142857138
1.15,0.8971428571428567
1.16,0.8979999999999996
1.17,0.8988571428571425
1.18,0.8997142857142854
1.19,0.9005714285714282
1.2,0.9014285714285711
1.21,0.902285714285714
1.22,0.9031428571428569
1.23,0.9039999999999998
1.24,0.9048571428571427
1.25,0.9057142857142856
1.26,0.9065714285714285
1.27,0.9074285714285714
1.28,0.9082857142857143
1.29,0.9091428571428571
1.3,0.91
1.31,0.9107142857142889
1.32,0.9114285714285746
1.33,0.9121428571428603
1.34,0.9128571428571459
1.35,0.9135714285714316
1.36,0.9142857142857173
1.37,0.9150000000000029
1.38,0.9157142857142886
1.39,0.9164285714285743
1.4,0.9171428571428599
1.41,0.9178571428571456
1.42,0.9185714285714313
1.43,0.9192857142857169
1.44,0.9200000000000026
1.45,0.9207142857142883
1.46,0.9214285714285739
1.47,0.9221428571428596
1.48,0.9228571428571453
1.49,0.9235714285714309
1.5,0.9242857142857166
1.51,0.9250000000000023
1.52,0.9257142857142879
1.53,0.9264285714285736
1.54,0.9271428571428593
1.55,0.9278571428571449
1.56,0.9285714285714306
1.57,0.9292857142857163
1.58,0.9300000000000019
1.59,0.9307142857142876
1.6,0.9314285714285733
1.61,0.9321428571428589
1.62,0.9328571428571446
1.63,0.9335714285714303
1.64,0.9342857142857159
1.65,0.9350000000000016
1.66,0.9357142857142873
1.67,0.9364285714285729
1.68,0.9371428571428586
1.69,0.9378571428571443
1.7,0.9385714285714299
1.71,0.9392857142857156
1.72,0.9400000000000013
1.73,0.940714285714287
1.74,0.9414285714285726
1.75,0.9421428571428583
1.76,0.942857142857144
1.77,0.9435714285714296
1.78,0.9442857142857153
1.79,0.945000000000001
1.8,0.9457142857142866
1.81,0.9464285714285723
1.82,0.947142857142858
1.83,0.9478571428571436
1.84,0.9485714285714293
1.85,0.949285714285715
1.86,0.9500000000000006
1.87,0.9507142857142863
1.88,0.951428571428572
1.89,0.9521428571428576
1.9,0.9528571428571433
1.91,0.953571428571429
1.92,0.9542857142857146
1.93,0.9550000000000003
1.94,0.955714285714286
1.95,0.9564285714285716
1.96,0.9571428571428573
1.97,0.957857142857143
1.98,0.9585714285714286
1.99,0.9592857142857143
2,0.96
2.01,0.9608000000000033
2.02,0.9616000000000033
2.03,0.9624000000000034
2.04,0.9632000000000034
2.05,0.9640000000000034
2.06,0.9648000000000034
2.07,0.9656000000000035
2.08,0.9664000000000035
2.09,0.9672000000000035
2.1,0.9680000000000035
2.11,0.9688000000000035
2.12,0.9696000000000036
2.13,0.9704000000000036
2.14,0.9712000000000036
2.15,0.9720000000000036
2.16,0.9728000000000037
2.17,0.9736000000000037
2.18,0.9744000000000037
2.19,0.9752000000000037
2.2,0.9760000000000038
2.21,0.9768000000000038
2.22,0.9776000000000038
2.23,0.9784000000000038
2.24,0.9792000000000038
2.25,0.9800000000000039
2.26,0.9808000000000039
2.27,0.9816000000000039
2.28,0.9824000000000039
2.29,0.983200000000004
2.3,0.984000000000004
2.31,0.984800000000004
2.32,0.985600000000004
2.33,0.986400000000004
2.34,0.9872000000000041
2.35,0.9880000000000041
2.36,0.9888000000000041
2.37,0.9896000000000041
2.38,0.9904000000000042
2.39,0.9912000000000042
2.4,0.9920000000000042
2.41,0.9928000000000042
2.42,0.9936000000000043
2.43,0.9944000000000043
2.44,0.9952000000000043
2.45,0.9960000000000043
2.46,0.9968000000000043
2.47,0.9976000000000044
2.48,0.9984000000000044
2.49,0.9992000000000044
2.5,1.0000000000000044
2.51,1.0008000000000044
2.52,1.0016000000000043
2.53,1.0024000000000042
2.54,1.003200000000004
2.55,1.004000000000004
2.56,1.004800000000004
2.57,1.0056000000000038
2.58,1.0064000000000037
2.59,1.0072000000000036
2.6,1.0080000000000036
2.61,1.0088000000000035
2.62,1.0096000000000034
2.63,1.0104000000000033
2.64,1.0112000000000032
2.65,1.0120000000000031
2.66,1.012800000000003
2.67,1.013600000000003
2.68,1.0144000000000029
2.69,1.0152000000000028
2.7,1.0160000000000027
2.71,1.0168000000000026
2.72,1.0176000000000025
2.73,1.0184000000000024
2.74,1.0192000000000023
2.75,1.0200000000000022
2.76,1.0208000000000022
2.77,1.021600000000002
2.78,1.022400000000002
2.79,1.0232000000000019
2.8,1.0240000000000018
2.81,1.0248000000000017
2.82,1.0256000000000016
2.83,1.0264000000000015
2.84,1.0272000000000014
2.85,1.0280000000000014
2.86,1.0288000000000013
2.87,1.0296000000000012
2.88,1.030400000000001
2.89,1.031200000000001
2.9,1.032000000000001
2.91,1.0328000000000008
2.92,1.0336000000000007
2.93,1.0344000000000007
2.94,1.0352000000000006
2.95,1.0360000000000005
2.96,1.0368000000000004
2.97,1.0376000000000003
2.98,1.0384000000000002
2.99,1.0392000000000001
3,1.04
3.01,1.0408000000000088
3.02,1.0416000000000087
3.03,1.0424000000000087
3.04,1.0432000000000086
3.05,1.0440000000000085
3.06,1.0448000000000084
3.07,1.0456000000000083
3.08,1.0464000000000082
3.09,1.0472000000000081
3.1,1.048000000000008
3.11,1.048800000000008
3.12,1.0496000000000079
3.13,1.0504000000000078
3.14,1.0512000000000077
3.15,1.0520000000000076
3.16,1.0528000000000075
3.17,1.0536000000000074
3.18,1.0544000000000073
3.19,1.0552000000000072
3.2,1.0560000000000072
3.21,1.056800000000007
3.22,1.057600000000007
3.23,1.058400000000007
3.24,1.0592000000000068
3.25,1.0600000000000067
3.26,1.0608000000000066
3.27,1.0616000000000065
3.28,1.0624000000000065
3.29,1.0632000000000064
3.3,1.0640000000000063
3.31,1.0648000000000062
3.32,1.065600000000006
3.33,1.066400000000006
3.34,1.067200000000006
3.35,1.0680000000000058
3.36,1.0688000000000057
3.37,1.0696000000000057
3.38,1.0704000000000056
3.39,1.0712000000000055
3.4,1.0720000000000054
3.41,1.0728000000000053
3.42,1.0736000000000052
3.43,1.0744000000000051
3.44,1.075200000000005
3.45,1.076000000000005
3.46,1.0768000000000049
3.47,1.0776000000000048
3.48,1.0784000000000047
3.49,1.0792000000000046
3.5,1.0800000000000045
3.51,1.0808000000000044
3.52,1.0816000000000043
3.53,1.0824000000000042
3.54,1.0832000000000042
3.55,1.084000000000004
3.56,1.084800000000004
3.57,1.085600000000004
3.58,1.0864000000000038
3.59,1.0872000000000037
3.6,1.0880000000000036
3.61,1.0888000000000035
3.62,1.0896000000000035
3.63,1.0904000000000034
3.64,1.0912000000000033
3.65,1.0920000000000032
3.66,1.092800000000003
3.67,1.093600000000003
3.68,1.094400000000003
3.69,1.0952000000000028
3.7,1.0960000000000027
3.71,1.0968000000000027
3.72,1.0976000000000026
3.73,1.0984000000000025
3.74,1.0992000000000024
3.75,1.1000000000000023
3.76,1.1008000000000022
3.77,1.1016000000000021
3.78,1.102400000000002
3.79,1.103200000000002
3.8,1.1040000000000019
3.81,1.1048000000000018
3.82,1.1056000000000017
3.83,1.1064000000000016
3.84,1.1072000000000015
3.85,1.1080000000000014
3.86,1.1088000000000013
3.87,1.1096000000000013
3.88,1.1104000000000012
3.89,1.111200000000001
3.9,1.112000000000001
3.91,1.112800000000001
3.92,1.1136000000000008
3.93,1.1144000000000007
3.94,1.1152000000000006
3.95,1.1160000000000005
3.96,1.1168000000000005
3.97,1.1176000000000004
3.98,1.1184000000000003
3.99,1.1192000000000002
4,1.12
4.01,1.1208000000000087
4.02,1.1216000000000086
4.03,1.1224000000000085
4.04,1.1232000000000084
4.05,1.1240000000000083
4.06,1.1248000000000082
4.07,1.1256000000000081
4.08,1.126400000000008
4.09,1.127200000000008
4.1,1.1280000000000079
4.11,1.1288000000000078
4.12,1.1296000000000077
4.13,1.1304000000000076
4.14,1.1312000000000075
4.15,1.1320000000000074
4.16,1.1328000000000074
4.17,1.1336000000000073
4.18,1.1344000000000072
4.19,1.135200000000007
4.2,1.136000000000007
4.21,1.136800000000007
4.22,1.1376000000000068
4.23,1.1384000000000067
4.24,1.1392000000000067
4.25,1.1400000000000066
4.26,1.1408000000000065
4.27,1.1416000000000064
4.28,1.1424000000000063
4.29,1.1432000000000062
4.3,1.1440000000000061
4.31,1.144800000000006
4.32,1.145600000000006
4.33,1.1464000000000059
4.34,1.1472000000000058
4.35,1.1480000000000057
4.36,1.1488000000000056
4.37,1.1496000000000055
4.38,1.1504000000000054
4.39,1.1512000000000053
4.4,1.1520000000000052
4.41,1.1528000000000052
4.42,1.153600000000005
4.43,1.154400000000005
4.44,1.155200000000005
4.45,1.1560000000000048
4.46,1.1568000000000047
4.47,1.1576000000000046
4.48,1.1584000000000045
4.49,1.1592000000000044
4.5,1.1600000000000044
4.51,1.1608000000000043
4.52,1.1616000000000042
4.53,1.162400000000004
4.54,1.163200000000004
4.55,1.164000000000004
4.56,1.1648000000000038
4.57,1.1656000000000037
4.58,1.1664000000000037
4.59,1.1672000000000036
4.6,1.1680000000000035
4.61,1.1688000000000034
4.62,1.1696000000000033
4.63,1.1704000000000032
4.64,1.1712000000000031
4.65,1.172000000000003
4.66,1.172800000000003
4.67,1.1736000000000029
4.68,1.1744000000000028
4.69,1.1752000000000027
4.7,1.1760000000000026
4.71,1.1768000000000025
4.72,1.1776000000000024
4.73,1.1784000000000023
4.74,1.1792000000000022
4.75,1.1800000000000022
4.76,1.180800000000002
4.77,1.181600000000002
4.78,1.182400000000002
4.79,1.1832000000000018
4.8,1.1840000000000017
4.81,1.1848000000000016
4.82,1.1856000000000015
4.83,1.1864000000000015
4.84,1.1872000000000014
4.85,1.1880000000000013
4.86,1.1888000000000012
4.87,1.189600000000001
4.88,1.190400000000001
4.89,1.191200000000001
4.9,1.1920000000000008
4.91,1.1928000000000007
4.92,1.1936000000000007
4.93,1.1944000000000006
4.94,1.1952000000000005
4.95,1.1960000000000004
4.96,1.1968000000000003
4.97,1.1976000000000002
4.98,1.1984000000000001
4.99,1.1992
5,1.2
5.01,1.2005000000000055
5.02,1.2010000000000054
5.03,1.2015000000000053
5.04,1.2020000000000053
5.05,1.2025000000000052
5.06,1.2030000000000052
5.07,1.2035000000000051
5.08,1.204000000000005
5.09,1.204500000000005
5.1,1.205000000000005
5.11,1.205500000000005
5.12,1.2060000000000048
5.13,1.2065000000000048
5.14,1.2070000000000047
5.15,1.2075000000000047
5.16,1.2080000000000046
5.17,1.2085000000000046
5.18,1.2090000000000045
5.19,1.2095000000000045
5.2,1.2100000000000044
5.21,1.2105000000000044
5.22,1.2110000000000043
5.23,1.2115000000000042
5.24,1.2120000000000042
5.25,1.2125000000000041
5.26,1.213000000000004
5.27,1.213500000000004
5.28,1.214000000000004
5.29,1.214500000000004
5.3,1.2150000000000039
5.31,1.2155000000000038
5.32,1.2160000000000037
5.33,1.2165000000000037
5.34,1.2170000000000036
5.35,1.2175000000000036
5.36,1.2180000000000035
5.37,1.2185000000000035
5.38,1.2190000000000034
5.39,1.2195000000000034
5.4,1.2200000000000033
5.41,1.2205000000000032
5.42,1.2210000000000032
5.43,1.2215000000000031
5.44,1.222000000000003
5.45,1.222500000000003
5.46,1.223000000000003
5.47,1.223500000000003
5.48,1.2240000000000029
5.49,1.2245000000000028
5.5,1.2250000000000028
5.51,1.2255000000000027
5.52,1.2260000000000026
5.53,1.2265000000000026
5.54,1.2270000000000025
5.55,1.2275000000000025
5.56,1.2280000000000024
5.57,1.2285000000000024
5.58,1.2290000000000023
5.59,1.2295000000000023
5.6,1.2300000000000022
5.61,1.2305000000000021
5.62,1.231000000000002
5.63,1.231500000000002
5.64,1.232000000000002
5.65,1.232500000000002
5.66,1.2330000000000019
5.67,1.2335000000000018
5.68,1.2340000000000018
5.69,1.2345000000000017
5.7,1.2350000000000017
5.71,1.2355000000000016
5.72,1.2360000000000015
5.73,1.2365000000000015
5.74,1.2370000000000014
5.75,1.2375000000000014
5.76,1.2380000000000013
5.77,1.2385000000000013
5.78,1.2390000000000012
5.79,1.2395000000000012
5.8,1.240000000000001
5.81,1.240500000000001
5.82,1.241000000000001
5.83,1.241500000000001
5.84,1.2420000000000009
5.85,1.2425000000000008
5.86,1.2430000000000008
5.87,1.2435000000000007
5.88,1.2440000000000007
5.89,1.2445000000000006
5.9,1.2450000000000006
5.91,1.2455000000000005
5.92,1.2460000000000004
5.93,1.2465000000000004
5.94,1.2470000000000003
5.95,1.2475000000000003
5.96,1.2480000000000002
5.97,1.2485000000000002
5.98,1.249
5.99,1.2495
6,1.25
6.01,1.251000000000011
6.02,1.2520000000000109
6.03,1.2530000000000108
6.04,1.2540000000000107
6.05,1.2550000000000106
6.06,1.2560000000000104
6.07,1.2570000000000103
6.08,1.2580000000000102
6.09,1.2590000000000101
6.1,1.26000000000001
6.11,1.26100000000001
6.12,1.2620000000000098
6.13,1.2630000000000097
6.14,1.2640000000000096
6.15,1.2650000000000095
6.16,1.2660000000000093
6.17,1.2670000000000092
6.18,1.2680000000000091
6.19,1.269000000000009
6.2,1.270000000000009
6.21,1.2710000000000088
6.22,1.2720000000000087
6.23,1.2730000000000086
6.24,1.2740000000000085
6.25,1.2750000000000083
6.26,1.2760000000000082
6.27,1.2770000000000081
6.28,1.278000000000008
6.29,1.279000000000008
6.3,1.2800000000000078
6.31,1.2810000000000077
6.32,1.2820000000000076
6.33,1.2830000000000075
6.34,1.2840000000000074
6.35,1.2850000000000072
6.36,1.2860000000000071
6.37,1.287000000000007
6.38,1.288000000000007
6.39,1.2890000000000068
6.4,1.2900000000000067
6.41,1.2910000000000066
6.42,1.2920000000000065
6.43,1.2930000000000064
6.44,1.2940000000000063
6.45,1.2950000000000061
6.46,1.296000000000006
6.47,1.297000000000006
6.48,1.2980000000000058
6.49,1.2990000000000057
6.5,1.3000000000000056
6.51,1.3010000000000055
6.52,1.3020000000000054
6.53,1.3030000000000053
6.54,1.3040000000000052
6.55,1.305000000000005
6.56,1.306000000000005
6.57,1.3070000000000048
6.58,1.3080000000000047
6.59,1.3090000000000046
6.6,1.3100000000000045
6.61,1.3110000000000044
6.62,1.3120000000000043
6.63,1.3130000000000042
6.64,1.314000000000004
6.65,1.315000000000004
6.66,1.3160000000000038
6.67,1.3170000000000037
6.68,1.3180000000000036
6.69,1.3190000000000035
6.7,1.3200000000000034
6.71,1.3210000000000033
6.72,1.3220000000000032
6.73,1.323000000000003
6.74,1.324000000000003
6.75,1.3250000000000028
6.76,1.3260000000000027
6.77,1.3270000000000026
6.78,1.3280000000000025
6.79,1.3290000000000024
6.8,1.3300000000000023
6.81,1.3310000000000022
6.82,1.332000000000002
6.83,1.333000000000002
6.84,1.3340000000000019
6.85,1.3350000000000017
6.86,1.3360000000000016
6.87,1.3370000000000015
6.88,1.3380000000000014
6.89,1.3390000000000013
6.9,1.3400000000000012
6.91,1.341000000000001
6.92,1.342000000000001
6.93,1.3430000000000009
6.94,1.3440000000000007
6.95,1.3450000000000006
6.96,1.3460000000000005
6.97,1.3470000000000004
6.98,1.3480000000000003
6.99,1.3490000000000002
7,1.35
7.01,1.3510000000000109
7.02,1.3520000000000107
7.03,1.3530000000000106
7.04,1.3540000000000105
7.05,1.3550000000000104
7.06,1.3560000000000103
7.07,1.3570000000000102
7.08,1.35800000000001
7.09,1.35900000000001
7.1,1.3600000000000099
7.11,1.3610000000000098
7.12,1.3620000000000096
7.13,1.3630000000000095
7.14,1.3640000000000094
7.15,1.3650000000000093
7.16,1.3660000000000092
7.17,1.367000000000009
7.18,1.368000000000009
7.19,1.3690000000000089
7.2,1.3700000000000088
7.21,1.3710000000000087
7.22,1.3720000000000085
7.23,1.3730000000000084
7.24,1.3740000000000083
7.25,1.3750000000000082
7.26,1.376000000000008
7.27,1.377000000000008
7.28,1.3780000000000079
7.29,1.3790000000000078
7.3,1.3800000000000077
7.31,1.3810000000000076
7.32,1.3820000000000074
7.33,1.3830000000000073
7.34,1.3840000000000072
7.35,1.3850000000000071
7.36,1.386000000000007
7.37,1.387000000000007
7.38,1.3880000000000068
7.39,1.3890000000000067
7.4,1.3900000000000066
7.41,1.3910000000000065
7.42,1.3920000000000063
7.43,1.3930000000000062
7.44,1.3940000000000061
7.45,1.395000000000006
7.46,1.396000000000006
7.47,1.3970000000000058
7.48,1.3980000000000057
7.49,1.3990000000000056
7.5,1.4000000000000055
7.51,1.4010000000000054
7.52,1.4020000000000052
7.53,1.4030000000000051
7.54,1.404000000000005
7.55,1.405000000000005
7.56,1.4060000000000048
7.57,1.4070000000000047
7.58,1.4080000000000046
7.59,1.4090000000000045
7.6,1.4100000000000044
7.61,1.4110000000000043
7.62,1.4120000000000041
7.63,1.413000000000004
7.64,1.414000000000004
7.65,1.4150000000000038
7.66,1.4160000000000037
7.67,1.4170000000000036
7.68,1.4180000000000035
7.69,1.4190000000000034
7.7,1.4200000000000033
7.71,1.4210000000000031
7.72,1.422000000000003
7.73,1.423000000000003
7.74,1.4240000000000028
7.75,1.4250000000000027
7.76,1.4260000000000026
7.77,1.4270000000000025
7.78,1.4280000000000024
7.79,1.4290000000000023
7.8,1.4300000000000022
7.81,1.431000000000002
7.82,1.432000000000002
7.83,1.4330000000000018
7.84,1.4340000000000017
7.85,1.4350000000000016
7.86,1.4360000000000015
7.87,1.4370000000000014
7.88,1.4380000000000013
7.89,1.4390000000000012
7.9,1.440000000000001
7.91,1.441000000000001
7.92,1.4420000000000008
7.93,1.4430000000000007
7.94,1.4440000000000006
7.95,1.4450000000000005
7.96,1.4460000000000004
7.97,1.4470000000000003
7.98,1.4480000000000002
7.99,1.449
8,1.45
8.01,1.45
8.02,1.45
8.03,1.45
8.04,1.45
8.05,1.45
8.06,1.45
8.07,1.45
8.08,1.45
8.09,1.45
8.1,1.45
8.11,1.45
8.12,1.45
8.13,1.45
8.14,1.45
8.15,1.45
8.16,1.45
8.17,1.45
8.18,1.45
8.19,1.45
8.2,1.45
8.21,1.45
8.22,1.45
8.23,1.45
8.24,1.45
8.25,1.45
8.26,1.45
8.27,1.45
8.28,1.45
8.29,1.45
8.3,1.45
8.31,1.45
8.32,1.45
8.33,1.45
8.34,1.45
8.35,1.45
8.36,1.45
8.37,1.45
8.38,1.45
8.39,1.45
8.4,1.45
8.41,1.45
8.42,1.45
8.43,1.45
8.44,1.45
8.45,1.45
8.46,1.45
8.47,1.45
8.48,1.45
8.49,1.45
8.5,1.45
8.51,1.45
8.52,1.45
8.53,1.45
8.54,1.45
8.55,1.45
8.56,1.45
8.57,1.45
8.58,1.45
8.59,1.45
8.6,1.45
8.61,1.45
8.62,1.45
8.63,1.45
8.64,1.45
8.65,1.45
8.66,1.45
8.67,1.45
8.68,1.45
8.69,1.45
8.7,1.45
8.71,1.45
8.72,1.45
8.73,1.45
8.74,1.45
8.75,1.45
8.76,1.45
8.77,1.45
8.78,1.45
8.79,1.45
8.8,1.45
8.81,1.45
8.82,1.45
8.83,1.45
8.84,1.45
8.85,1.45
8.86,1.45
8.87,1.45
8.88,1.45
8.89,1.45
8.9,1.45
8.91,1.45
8.92,1.45
8.93,1.45
8.94,1.45
8.95,1.45
8.96,1.45
8.97,1.45
8.98,1.45
8.99,1.45
9,1.45
9.01,1.45
9.02,1.45
9.03,1.45
9.04,1.45
9.05,1.45
9.06,1.45
9.07,1.45
9.08,1.45
9.09,1.45
9.1,1.45
9.11,1.45
9.12,1.45
9.13,1.45
9.14,1.45
9.15,1.45
9.16,1.45
9.17,1.45
9.18,1.45
9.19,1.45
9.2,1.45
9.21,1.45
9.22,1.45
9.23,1.45
9.24,1.45
9.25,1.45
9.26,1.45
9.27,1.45
9.28,1.45
9.29,1.45
9.3,1.45
9.31,1.45
9.32,1.45
9.33,1.45
9.34,1.45
9.35,1.45
9.36,1.45
9.37,1.45
9.38,1.45
9.39,1.45
9.4,1.45
9.41,1.45
9.42,1.45
9.43,1.45
9.44,1.45
9.45,1.45
9.46,1.45
9.47,1.45
9.48,1.45
9.49,1.45
9.5,1.45
9.51,1.45
9.52,1.45
9.53,1.45
9.54,1.45
9.55,1.45
9.56,1.45
9.57,1.45
9.58,1.45
9.59,1.45
9.6,1.45
9.61,1.45
9.62,1.45
9.63,1.45
9.64,1.45
9.65,1.45
9.66,1.45
9.67,1.45
9.68,1.45
9.69,1.45
9.7,1.45
9.71,1.45
9.72,1.45
9.73,1.45
9.74,1.45
9.75,1.45
9.76,1.45
9.77,1.45
9.78,1.45
9.79,1.45
9.8,1.45
9.81,1.45
9.82,1.45
9.83,1.45
9.84,1.45
9.85,1.45
9.86,1.45
9.87,1.45
9.88,1.45
9.89,1.45
9.9,1.45
9.91,1.45
9.92,1.45
9.93,1.45
9.94,1.45
9.95,1.45
9.96,1.45
9.97,1.45
9.98,1.45
9.99,1.45
10,1.45
10.01,1.45
10.02,1.45
10.03,1.45
10.04,1.45
10.05,1.45
10.06,1.45
10.07,1.45
10.08,1.45
10.09,1.45
10.1,1.45
10.11,1.45
10.12,1.45
10.13,1.45
10.14,1.45
10.15,1.45
10.16,1.45
10.17,1.45
10.18,1.45
10.19,1.45
10.2,1.45
10.21,1.45
10.22,1.45
10.23,1.45
10.24,1.45
10.25,1.45
10.26,1.45
10.27,1.45
10.28,1.45
10.29,1.45
10.3,1.45
10.31,1.45
10.32,1.45
10.33,1.45
10.34,1.45
10.35,1.45
10.36,1.45
10.37,1.45
10.38,1.45
10.39,1.45
10.4,1.45
10.41,1.45
10.42,1.45
10.43,1.45
10.44,1.45
10.45,1.45
10.46,1.45
10.47,1.45
10.48,1.45
10.49,1.45
10.5,1.45
10.51,1.45
10.52,1.45
10.53,1.45
10.54,1.45
10.55,1.45
10.56,1.45
10.57,1.45
10.58,1.45
10.59,1.45
10.6,1.45
10.61,1.45
10.62,1.45
10.63,1.45
10.64,1.45
10.65,1.45
10.66,1.45
10.67,1.45
10.68,1.45
10.69,1.45
10.7,1.45
10.71,1.45
10.72,1.45
10.73,1.45
10.74,1.45
10.75,1.45
10.76,1.45
10.77,1.45
10.78,1.45
10.79,1.45
10.8,1.45
10.81,1.45
10.82,1.45
10.83,1.45
10.84,1.45
10.85,1.45
10.86,1.45
10.87,1.45
10.88,1.45
10.89,1.45
10.9,1.45
10.91,1.45
10.92,1.45
10.93,1.45
10.94,1.45
10.95,1.45
10.96,1.45
10.97,1.45
10.98,1.45
10.99,1.45
11,1.45
11.01,1.45
11.02,1.45
11.03,1.45
11.04,1.45
11.05,1.45
11.06,1.45
11.07,1.45
11.08,1.45
11.09,1.45
11.1,1.45
11.11,1.45
11.12,1.45
11.13,1.45
11.14,1.45
11.15,1.45
11.16,1.45
11.17,1.45
11.18,1.45
11.19,1.45
11.2,1.45
11.21,1.45
11.22,1.45
11.23,1.45
11.24,1.45
11.25,1.45
11.26,1.45
11.27,1.45
11.28,1.45
11.29,1.45
11.3,1.45
11.31,1.45
11.32,1.45
11.33,1.45
11.34,1.45
11.35,1.45
11.36,1.45
11.37,1.45
11.38,1.45
11.39,1.45
11.4,1.45
11.41,1.45
11.42,1.45
11.43,1.45
11.44,1.45
11.45,1.45
11.46,1.45
11.47,1.45
11.48,1.45
11.49,1.45
11.5,1.45
11.51,1.45
11.52,1.45
11.53,1.45
11.54,1.45
11.55,1.45
11.56,1.45
11.57,1.45
11.58,1.45
11.59,1.45
11.6,1.45
11.61,1.45
11.62,1.45
11.63,1.45
11.64,1.45
11.65,1.45
11.66,1.45
11.67,1.45
11.68,1.45
11.69,1.45
11.7,1.45
11.71,1.45
11.172,1.45
11.73,1.45
11.74,1.45
11.75,1.45
11.76,1.45
11.77,1.45
11.78,1.45
11.79,1.45
11.8,1.45
11.81,1.45
11.82,1.45
11.83,1.45
11.84,1.45
11.85,1.45
11.86,1.45
11.87,1.45
11.88,1.45
11.89,1.45
11.9,1.45
11.91,1.45
11.92,1.45
11.93,1.45
11.94,1.45
11.95,1.45
11.96,1.45
11.97,1.45
11.98,1.45
11.99,1.45
12,1.45
